I'm cold.mp4,5
I'm cold.mp4,3
I'm cold.mp4,4
I'm cold.mp4,1
I'm cold.mp4,5
blah.mp4,5
blah.mp4,3
blah.mp4,4
blah.mp4,4
blah.mp4,5
brother.mp4,4
brother.mp4,5
say something.mp4,2
say something.mp4,4
say something.mp4,5
say something.mp4,1
say something.mp4,3
say something.mp4,2
scared.mp4,5
sjfks.mp4,5
slipping on ice.mp4,5
slipping on ice.mp4,3
slipping on ice.mp4,2
smoking .mp4,4
smoking .mp4,5
smoking .mp4,2
sister.mp4,3
sister.mp4,2
sister.mp4,5
sister.mp4,1
a man running really fast.mp4,4
angry.mp4,5
a man running really fast.mp4,3
